<?xml version="1.0" encoding="UTF-8"?>
<!DOCTYPE mapper PUBLIC "-//mybatis.org//DTD Mapper 3.0//EN" "http://mybatis.org/dtd/mybatis-3-mapper.dtd">
<mapper namespace="com.wzq.datasource2.mapper.master.StuMapper">

    <!-- 通用查询映射结果 -->
    <resultMap id="BaseResultMap" type="com.wzq.datasource2.entity.master.Stu">
        <result column="id" property="id" />
        <result column="name" property="name" />
    </resultMap>

    <!-- 通用查询结果列 -->
    <sql id="Base_Column_List">
        id, name
    </sql>

    <select id="getAllStu" resultMap="BaseResultMap">
        select *
        from stu
    </select>

</mapper>
